usage_mins,monthly_bill,support_calls,churn
578.3185297192495,88.77100795830607,1.6,0
572.6720351839705,44.74437612766114,3.8000000000000003,0
697.3207386583846,90.0987399662842,6.0,1
631.1550059864861,43.84800928323618,1.6,1
669.739042294608,93.44660451817965,1.6,0
738.8237693978749,76.12337011423433,3.8000000000000003,1
549.8488747127014,73.81642035207331,1.6,1
701.0670813899246,83.78519542177754,1.6,1
572.3722841610568,83.0259519417149,1.6,1
572.3534501516494,34.48521038031564,4.9,1
677.6664135820797,58.316072407045134,4.9,1
509.67087699661715,84.28602467802175,3.8000000000000003,0
558.4551314240022,37.4265789733429,7.1000000000000005,0
761.6956761694171,83.5453107785071,2.7,1
654.1318918720444,59.7986945643805,4.9,0
573.4993411624112,115.44132487298484,1.6,0
777.0286421492422,91.95772390738026,3.8000000000000003,1
731.1001792750849,46.2923749613822,2.7,1
572.4652469127101,97.2716710482842,0.5,1
676.2203195875034,63.92192602977307,2.7,0
625.2931255965325,52.34128024258988,2.7,1
632.5948395060132,79.46124724660118,3.8000000000000003,1
657.377936096768,80.64171896985503,2.7,0
426.99121994698544,76.0525226716291,3.8000000000000003,0
593.6904490381911,98.37728668849,4.9,0
523.126894225128,61.22402638144456,1.6,0
512.469993459903,88.92341986843142,7.1000000000000005,0
619.5844150454058,22.530162334288068,2.7,0
414.0630159452064,121.6960970023918,3.8000000000000003,1
519.1471351837807,64.76618046674096,3.8000000000000003,1
666.559792798622,65.5599638785933,3.8000000000000003,1
458.73664634459215,89.55685412886533,3.8000000000000003,1
529.0294701037988,92.68868698836818,3.8000000000000003,1
424.19000731421534,60.660456747551024,1.6,0
689.541883612873,74.45450500648323,2.7,0
686.6503500297276,45.75791072661667,1.6,0
635.4844141221215,78.25759481671903,3.8000000000000003,0
494.5965572982733,55.262585198670884,2.7,0
544.7858007846527,25.75612045896939,6.0,0
455.8590648296581,70.60084449267382,7.1000000000000005,1
663.7126613480397,67.88651049492718,1.6,1
566.568210548257,89.69152539641377,3.8000000000000003,0
651.401923795505,52.32751628864765,7.1000000000000005,1
682.1955132720219,64.67752602839622,3.8000000000000003,1
526.2760780118863,71.84425969169291,3.8000000000000003,0
636.1971200963952,68.60546584883654,2.7,0
526.2590819017122,57.33438482851367,3.8000000000000003,1
738.2249566571861,41.1190089908322,7.1000000000000005,1
637.5508268950555,111.80932272845665,4.9,1
499.26363729195504,109.08272263374386,7.1000000000000005,0
683.1097300151096,31.659995834407425,6.0,0
675.8164164530476,110.414016140301,4.9,1
856.2733903511398,75.50032248045622,6.0,1
802.1066207094586,93.25952514910556,1.6,1
466.9404740419456,73.22551141554919,7.1000000000000005,1
541.8904138710122,86.96056819701228,1.6,0
676.3775756488432,67.50493461238362,7.1000000000000005,1
666.8440541904131,84.86571677605036,2.7,0
508.79626994139335,77.26793553877684,4.9,0
512.7321998002446,42.75520181989515,4.9,0
474.9719593402466,47.17070929823028,3.8000000000000003,0
690.9073856592897,62.29395220209279,1.6,1
600.8907364406612,74.86224985666698,3.8000000000000003,0
651.8254972510879,65.59639759849352,2.7,1
693.9428201763484,83.23139376911688,0.5,1
374.3668024952659,63.28073792374495,2.7,0
699.4494602906605,96.65419366473282,4.9,1
630.8514218355477,35.6959886239874,1.6,1
612.0319883547415,98.81051531801917,4.9,1
660.1127225644552,78.26618147546547,1.6,1
496.42749299060984,81.5263545425642,3.8000000000000003,0
447.2926460827621,88.41990719204824,4.9,1
562.4173940371942,88.45672046655743,1.6,0
707.6181508491371,20.559227057039774,2.7,1
635.7903528058413,58.38904794687164,3.8000000000000003,1
458.0041780131323,49.06926908299886,3.8000000000000003,0
598.3895179354145,108.24223626109637,4.9,1
690.1972775827622,62.942233770948725,3.8000000000000003,0
556.8776832711334,89.87234209693771,1.6,0
625.60627566305,42.98949577475092,3.8000000000000003,1
603.8769088369893,82.06761678114803,3.8000000000000003,1
647.2611831060284,62.68796005224159,1.6,0
785.0710437395783,93.38223117500861,4.9,1
612.8774866463565,65.55243362944208,3.8000000000000003,1
566.1631982812744,55.395766012017,4.9,0
571.7719785091315,59.21512168389718,3.8000000000000003,0
685.9622349711965,38.612187730254135,1.6,0
641.3486029740288,94.8535244520275,3.8000000000000003,0
558.3112353570742,13.762430508837252,4.9,0
609.8035825837753,46.27040828544113,4.9,1
906.6328983680135,47.21717264563615,2.7,1
604.1372631871618,49.38599241414371,6.0,1
567.8088734875691,76.31871985083454,4.9,1
431.21731322307926,105.22862998931052,3.8000000000000003,0
600.4150945071084,92.35693371154552,6.0,1
469.1292719395422,56.038607523873814,3.8000000000000003,0
547.5791566890507,62.49775677695496,2.7,0
447.42976516306425,75.39870623919089,2.7,1
844.3056862170946,70.4821509815652,3.8000000000000003,1
712.8017581775565,81.01470345687308,4.9,1
552.0965571335322,85.72922471813531,6.0,0
711.4036031560014,101.93030189447879,2.7,1
554.3580855035034,101.59902204969313,2.7,1
549.9522978875026,94.59700116326621,2.7,0
559.6812145749665,35.43348938235717,1.6,0
677.4089686503389,80.02650464620226,6.0,0
518.7833616274626,96.75330901834063,3.8000000000000003,0
613.6392352455135,82.04270856434285,4.9,0
601.2325587864827,116.15878997458441,1.6,1
389.12389310401016,59.66969965472409,1.6,0
677.6005346589164,79.58869442344054,2.7,0
631.6490574150992,50.81868368993463,11.5,1
486.2057358277834,88.09756785465692,4.9,0
692.046043180554,82.18669373347636,3.8000000000000003,1
484.70506689423394,71.17060018272534,3.8000000000000003,1
486.0263740277895,57.67276145945711,8.200000000000001,1
627.7992955116252,38.57855183853884,3.8000000000000003,0
799.537917916287,65.71406844794456,2.7,1
687.2670229696054,36.110203268125616,3.8000000000000003,0
602.3047952860007,83.42603427545065,3.8000000000000003,1
560.5049142945692,72.50743074459642,2.7,0
506.5805501054881,38.187802654406404,3.8000000000000003,0
646.327158178136,53.94308321940335,3.8000000000000003,1
616.9861837522255,47.31923826345717,1.6,0
825.8405397162777,102.71730236676466,4.9,0
817.7604367829209,79.56140931833268,2.7,1
717.3354284916196,25.647669208110074,1.6,0
576.7177310475657,40.18312531719797,4.9,0
602.2407964513332,75.19515052507809,0.5,0
633.5482210060655,76.44188056417009,4.9,0
504.7728935021115,52.68213406071203,3.8000000000000003,0
601.7987255360548,76.54857769628391,1.6,1
527.0010501073378,65.28532425495774,1.6,1
633.3644676778034,69.91492340506515,6.0,0
484.45430947119553,72.2992208054422,4.9,0
506.2465285852831,40.51280403431327,4.9,0
751.378351778228,57.74562371893157,0.5,1
666.3453541200314,55.0448346872937,3.8000000000000003,1
643.2310368320959,95.33786303459742,10.4,1
761.9902931676979,93.24404132206169,4.9,1
565.7191146796852,82.80420357136028,3.8000000000000003,0
730.5347872681369,56.476241473113255,7.1000000000000005,1
585.1790477834934,65.59042566970255,0.5,0
542.1930734495218,86.16063174751615,1.6,0
667.1871230571004,76.91053830707507,1.6,0
514.7790692930012,40.84951589806545,3.8000000000000003,1
687.9440646375093,80.63564884143663,2.7,0
410.79977611972606,59.46773504512033,6.0,1
486.7358147972066,87.64113923848274,2.7,0
533.6156091986422,65.06714963194031,4.9,0
460.41769005725496,96.9259073643782,4.9,0
592.4928839561837,72.43817720693859,2.7,1
769.5322768207717,63.36131740028983,3.8000000000000003,1
676.361850226084,56.1552832925297,4.9,1
438.83491252494065,69.95226865481703,2.7,0
600.4879496523332,25.55630781689862,2.7,0
556.3331422091803,92.25211070048488,4.9,0
529.3611094635291,69.61856636613521,7.1000000000000005,1
534.4011717535042,76.2478256167727,1.6,1
596.2817439722511,57.232781828436025,2.7,0
642.105066302769,63.419522695249874,4.9,1
771.7310838324602,60.921625244800246,6.0,1
326.5104402727151,99.56134392414899,2.7,0
650.7688812599242,67.91488309273704,2.7,1
621.9616586744945,72.02070294150639,2.7,1
559.2771207499216,53.07149411688905,7.1000000000000005,1
685.3697572892066,83.11385053800335,4.9,0
417.3013223018446,94.6352546923365,3.8000000000000003,0
673.47523336775,69.72133118077987,3.8000000000000003,1
372.1505447246868,69.82601977924126,3.8000000000000003,0
466.8473187705656,75.15617209014513,2.7,1
457.514275969982,79.24583930462124,0.5,0
629.9223058379253,71.9063838279089,4.9,1
706.2467345006728,77.2730862660535,2.7,1
539.7671906551892,96.82231900358067,3.8000000000000003,0
580.0703850357181,80.4132384073666,2.7,0
477.94803282098957,104.77845116960411,1.6,0
593.0220126702285,39.77888979981126,2.7,0
665.2566604817384,77.98116350825359,6.0,1
523.1251990884972,38.980068751035745,6.0,0
524.7611261417862,75.83841405958296,3.8000000000000003,1
700.8460346463669,88.96996972455489,2.7,1
553.5518729812674,57.117077317587,2.7,1
763.5564528354835,81.8577245885117,1.6,1
578.1729045500351,101.46219125738784,4.9,1
651.049343332725,66.81866401124172,1.6,1
668.4341531226058,66.34695094890138,2.7,0
592.8805609424983,98.9977547951029,4.9,1
474.9682830463606,86.83695656356382,4.9,0
636.7249257078016,89.64412596704246,4.9,1
538.8840988754597,110.51779816887613,4.9,1
430.0840433841579,77.71833142496574,3.8000000000000003,1
472.9726958462823,42.797808173305285,1.6,0
646.6621502362734,85.8610210709877,2.7,1
559.2579081357261,116.91759451351044,6.0,1
435.02150206537056,54.379041465924864,2.7,0
707.4793996184296,40.12997878020857,0.5,0
564.3943599438267,82.21445036216025,7.1000000000000005,1
527.1191874909105,80.20206804396639,6.0,1
488.85357045669286,74.34447755332323,4.9,1
719.9881758425498,66.24260698469378,3.8000000000000003,1
513.4191663107838,62.64226476603355,7.1000000000000005,0
622.2000588573301,50.99005939725838,6.0,1
544.6182382579879,77.62988855272697,2.7,1
451.79172413027356,63.223768046859426,6.0,0
498.4412897364286,91.76008106707016,3.8000000000000003,0
653.303197837619,75.19494066081788,1.6,1
425.0490492957259,106.99573781656497,3.8000000000000003,0
366.32393253964636,93.17648444295341,2.7,0
502.57452723518185,82.97866933763237,6.0,1
523.9369240883277,43.48626335520106,3.8000000000000003,0
635.0861713486522,57.793121384180964,3.8000000000000003,1
670.3090006796689,88.64115987099507,1.6,0
528.3958317640609,64.52271116946761,4.9,1
600.4124311965309,68.17749079337014,6.0,0
565.240756174088,62.02875040149875,4.9,0
474.58451931151853,64.53334064941265,3.8000000000000003,0
601.5444200497598,57.34601785124425,4.9,1
519.6986983025256,57.677606550640164,3.8000000000000003,0
711.0733742075108,70.799972289912,2.7,1
469.4791958324877,88.09023655676498,6.0,1
753.3820356102359,60.251104973017355,1.6,1
652.2914499688958,94.58378907248277,0.5,1
512.2645599662876,62.382482544223336,4.9,0
533.540304015426,43.78631602875072,3.8000000000000003,1
442.01485294940056,70.16775078913214,1.6,0
571.1721206383891,101.89029009229269,6.0,1
473.3257684007649,54.63077626259709,3.8000000000000003,0
546.4437181609702,71.66764679665698,2.7,0
804.489078579199,83.33555697654731,3.8000000000000003,0
467.75984558840076,76.00382279985024,0.5,0
621.9005387998541,65.3121372947883,6.0,1
485.43323476364736,49.1635035801888,3.8000000000000003,0
604.2458502752067,73.08262972605685,7.1000000000000005,1
596.7805065766025,58.35992831921802,2.7,0
487.4590543958781,101.87446777334158,4.9,0
552.7606790820944,79.85556852626333,1.6,0
617.7963154782467,81.3739438978555,3.8000000000000003,0
615.6454740256847,90.32565973491754,1.6,1
705.7596781530532,89.72472253120549,0.5,0
501.60715022148236,98.74255488104075,4.9,0
596.2230631114898,68.5462249895132,4.9,0
593.9344356729705,44.10156357710414,6.0,0
328.5960171669266,98.05154887145102,1.6,0
589.592994391165,68.45587766601842,0.5,1
649.2382455625134,86.54700058480236,1.6,0
651.848253443732,70.04865010231823,2.7,1
712.4587874298602,49.07805036525905,2.7,1
665.9338894471931,87.41261642912134,1.6,0
477.50889462398146,67.4117572826237,1.6,0
644.7633174565599,51.6113727619804,0.5,0
629.9380249607269,87.43414270741847,2.7,1
572.4556946962833,70.22601125118706,4.9,1
575.9167631860896,57.19711260577991,1.6,0
617.1904115223203,88.02045519641887,0.5,1
394.9708831112832,71.55916426693253,1.6,0
635.8219388833761,100.62183699154244,6.0,1
635.1640264804769,49.68213235299669,3.8000000000000003,0
601.9410500736442,51.2636862191034,3.8000000000000003,0
537.816515200871,114.66522692923026,2.7,1
721.6247484492737,109.0808141814165,1.6,1
679.2606948378118,82.13935970618529,4.9,1
703.4264847139805,79.52936422247865,7.1000000000000005,0
385.98574153343134,67.89518596158611,4.9,1
624.915749841329,67.7119531172257,4.9,0
692.7994058857144,65.94237450677821,4.9,0
430.3901397874288,86.73444329412362,3.8000000000000003,1
683.4530009490165,64.33425561992041,4.9,0
542.0468285469535,68.68094266727236,2.7,1
535.3698320369829,75.17606289411769,1.6,1
629.5325646263359,70.30489760563651,6.0,1
573.9136861630508,94.55245568889856,7.1000000000000005,1
618.8278396236238,34.2152129136555,3.8000000000000003,1
560.4736529215083,76.6296536441408,1.6,0
496.2930987561383,94.58866274866803,2.7,0
853.0902128784487,78.32892041875122,4.9,1
684.809249896799,85.48602275564126,7.1000000000000005,1
650.5382966107925,55.488920231503464,2.7,1
527.3625539909032,58.89782080887961,6.0,0
650.1669404669042,52.00474509868794,4.9,0
542.2999597872601,71.47948917071591,2.7,0
671.9225940969146,67.2736485749681,1.6,1
655.2272314677573,54.443643379867325,6.0,0
565.0858696769056,18.54916679038889,2.7,1
456.02101808431405,24.372362695562593,1.6,0
506.0451623947398,65.42327509748748,3.8000000000000003,1
577.8918054217711,78.36830436135898,3.8000000000000003,1
625.4701377599948,80.42616195481574,3.8000000000000003,1
844.5240683309123,71.02691615618095,2.7,1
728.6949889569961,22.39143791809569,3.8000000000000003,1
557.5859065567481,72.01531094529001,1.6,0
650.9415206027645,42.2239191890339,6.0,1
616.821256359923,55.119863993989746,2.7,1
695.5943931234747,84.81825730106594,1.6,1
597.2325697384908,85.32343339278898,4.9,1
522.607987249982,85.34494944009575,3.8000000000000003,0
635.6369919782205,116.06228494230655,7.1000000000000005,1
562.1042889051826,75.33057348359732,3.8000000000000003,1
529.5792198366576,100.81835112867269,2.7,1
579.8923620461145,63.557956049207284,6.0,0
678.9961480194823,92.19480006188522,2.7,0
580.0705857821267,67.13577363396624,3.8000000000000003,1
536.0401046004365,81.36395423399033,0.5,1
564.2779732042732,96.72442372307708,3.8000000000000003,1
689.166185264769,110.28029783261165,3.8000000000000003,1
646.4888183533179,71.39592186587171,6.0,1
661.921198476954,67.69739625614673,3.8000000000000003,1
406.5166835292139,101.64911321468641,6.0,0
489.6630019846341,78.94063674416289,6.0,1
672.263491292444,67.36648617512958,2.7,0
519.7277509313863,73.19982545599554,9.3,1
500.7756666855593,73.76590690849021,2.7,1
456.10121424794374,49.73892136250275,2.7,1
708.284632313208,66.7719772453545,6.0,1
550.8526144284589,82.0058991213738,2.7,0
618.3855239602522,88.31873088122893,1.6,0
577.7402574490218,72.52552217952402,1.6,0
363.3501807389438,49.75871543268352,8.200000000000001,1
707.5738304480219,65.34878807818332,1.6,1
641.1668123596517,65.52351067099505,6.0,0
493.56257090592686,101.29046592987378,1.6,0
611.6217875542508,51.59289346272787,1.6,1
698.2083434209276,96.65415781159473,3.8000000000000003,1
638.4724580705074,77.84789350625525,1.6,0
608.7176752634477,85.00357442260398,3.8000000000000003,0
665.8900226532701,89.24526058921141,6.0,1
568.3811859101764,63.674667286621116,6.0,0
620.0012610578095,55.834696668428215,1.6,1
569.265540486977,60.32103506095717,2.7,0
469.9631581197537,93.75241603026089,9.3,0
660.3619603041504,71.53688235518926,1.6,1
303.3863374696418,75.6619905209256,1.6,0
574.9364139167438,55.92974479002647,3.8000000000000003,0
572.9446024679874,46.81343479630357,4.9,0
633.4258250359769,84.0492852461134,0.5,1
543.9569102739605,71.11886784893795,6.0,1
722.1072825021378,68.93772911785086,0.5,0
514.5721786049178,122.85113771412885,6.0,1
770.8957147053216,70.95513817670393,2.7,1
464.7401182653906,48.06762184092131,0.5,0
578.5557387457753,69.43751240189738,1.6,1
615.28367803144,86.05836985007473,8.200000000000001,1
631.8493446199137,98.88378691009123,3.8000000000000003,1
544.3505443879512,56.58468309606119,3.8000000000000003,1
663.6261144908805,78.72791215439372,4.9,1
555.7439634478752,93.55178685432114,2.7,0
439.6058066138114,64.79001994068221,3.8000000000000003,0
701.0044423034319,74.37816107327005,2.7,1
628.5138311804722,17.973806981774622,2.7,0
674.0738197587071,88.88163930418567,2.7,1
758.4076671387509,40.4432918532299,3.8000000000000003,1
534.9447153993805,62.588058382832926,2.7,1
679.6148295627488,60.92141320749265,7.1000000000000005,0
660.6002759880246,66.00671000756743,6.0,0
617.5699377811887,39.54250467919026,2.7,1
590.3454102550947,67.13242052048784,1.6,1
573.5991215893077,115.7110527719002,4.9,1
443.3634002486167,80.38507656552868,2.7,0
679.6064905218575,62.42838150520602,3.8000000000000003,1
534.5425927388842,101.19168707924666,3.8000000000000003,0
650.8648849895081,82.14775216907957,4.9,1
561.0518096766378,87.24947059874538,2.7,1
431.2090641591275,68.23475879120937,6.0,0
740.4514790519627,81.78942711471383,2.7,0
581.9802790841234,81.10492381502216,3.8000000000000003,1
597.3074260715644,39.77573514879949,4.9,1
743.7649314555367,70.45751820297372,1.6,1
573.5371325380261,33.14733831360144,2.7,0
616.0758334768333,97.69075364530796,3.8000000000000003,1
581.7567047816467,48.030306077479416,2.7,1
624.9485035204011,46.23699374439152,1.6,1
633.6511333338776,67.17938431163364,2.7,0
582.3187037056804,63.74011290516796,1.6,1
477.7411802102512,62.29182313693039,3.8000000000000003,0
606.906825383436,51.29349179284658,2.7,0
564.8130847390903,87.59435652775608,8.200000000000001,1
558.4314112172095,82.14469094169743,3.8000000000000003,0
681.3478248090742,101.50277979153172,3.8000000000000003,1
573.0982015055117,80.20175626674427,3.8000000000000003,0
436.57208715474445,75.37794034046534,1.6,0
495.9438203986518,109.07057963581227,1.6,0
696.8925361920051,78.12725214648214,3.8000000000000003,1
675.7271658334296,51.493662824263346,3.8000000000000003,1
633.4303294293576,80.66225702562433,6.0,1
654.8019363838613,78.13759077577625,4.9,1
574.4287059185566,32.99827029634808,4.9,0
540.3878950607792,36.68440157328309,3.8000000000000003,0
595.8350165812611,68.54022325797585,1.6,1
276.2917603748222,63.32072888637756,3.8000000000000003,0
525.8910443996937,75.8391259680832,4.9,0
696.1090786624177,104.91299632595417,2.7,1
513.7735160544305,76.08392294266108,4.9,0
572.734536694555,90.07576701466634,3.8000000000000003,0
681.3352255251963,21.512771296920548,2.7,0
432.42357770819706,83.60627917889889,3.8000000000000003,1
644.075962893088,83.49272401974004,3.8000000000000003,1
511.36023266383927,57.456306022281325,8.200000000000001,1
654.7666066332564,56.89828740950433,4.9,1
391.4577904809738,53.34175696412616,1.6,1
698.6441880321065,49.90114302608315,0.5,0
708.0356393150967,106.63341288396511,3.8000000000000003,1
604.8035183645464,63.53966083921032,3.8000000000000003,1
528.608143092174,69.7965031455143,3.8000000000000003,1
770.1050235430241,68.6299160372512,6.0,1
597.1373781181413,92.24134968262253,2.7,0
615.6299430054677,79.00240197564797,1.6,0
637.329709558891,81.43880874024983,2.7,1
584.1721393597998,78.33867112544824,4.9,1
559.6262016136523,70.68246905109733,6.0,1
500.176379171896,86.20519675350971,4.9,1
633.5198849953703,76.95351260010628,1.6,1
701.0950396093547,88.41269391271507,6.0,1
824.8766652489272,45.17328475252197,2.7,1
518.3353641538039,46.5402071667467,1.6,0
564.8506637728002,105.09720467367116,3.8000000000000003,0
372.66143163030324,71.35211250217108,0.5,0
730.6429051780739,50.683151625476974,8.200000000000001,1
605.9353122230809,85.17382286994878,8.200000000000001,1
562.9900602613131,78.11486148583863,9.3,0
479.0704030916966,78.89122322575821,2.7,1
687.0256880711206,45.60871400537108,8.200000000000001,0
623.4871730958362,85.52119058865811,3.8000000000000003,1
556.7768117513815,94.71534636407802,4.9,1
606.1277173972061,59.21895081263213,1.6,0
571.5257100729981,90.60960882784838,4.9,1
638.4571359314386,100.59220391477267,8.200000000000001,1
618.7842551887638,101.23950913514973,2.7,1
556.4351546516403,47.120354932349734,3.8000000000000003,0
706.5626942971955,88.80309130161062,3.8000000000000003,1
581.9501821373243,35.789605528833825,3.8000000000000003,0
660.4633908965855,74.72770734024864,2.7,0
641.0980882145614,67.99840573240061,2.7,1
515.410017012554,68.84207092187116,3.8000000000000003,1
580.6283949285428,86.06072701021988,1.6,0
442.61692885558193,83.7370318649093,3.8000000000000003,1
541.4512294294002,82.94931405004914,1.6,1
541.5443165600233,108.95242435695648,2.7,1
578.4980799919516,84.10252594495147,6.0,1
621.0576620440131,74.36853817162792,3.8000000000000003,1
559.7423208895201,53.278317628964636,0.5,0
381.95468702558844,79.28417265594199,4.9,0
561.2102241899199,68.31347299871796,3.8000000000000003,0
526.0800989350356,62.560977507193904,3.8000000000000003,0
550.7302075483119,62.399387325805726,4.9,1
496.1245588164758,96.48876040466494,7.1000000000000005,1
622.6383040013291,46.21345826441483,3.8000000000000003,1
526.6101173102261,96.90191639119429,0.5,0
545.0630391071631,76.69197535382561,2.7,0
561.3359036714935,111.32119101556417,1.6,1
753.0217248082906,68.72230307289938,2.7,1
400.59028902496607,114.5951196240084,4.9,0
526.0834712072296,69.08667239371792,3.8000000000000003,1
671.2521735679603,120.51174857625766,4.9,1
645.2519992358826,80.43966086589964,8.200000000000001,1
613.1865668972405,45.15988358712781,2.7,0
478.2592058545256,96.37280102771558,2.7,0
683.1261630285577,83.18513475294527,7.1000000000000005,1
618.0693512731361,51.18809116447179,1.6,0
493.53399143915556,70.86763580455082,4.9,0
717.4906175448788,77.48198485880538,1.6,1
612.9545020315508,91.38325912751151,1.6,1
587.6011569920661,51.61560554652216,1.6,0
687.2479946894805,65.29312384681202,4.9,1
700.5351921465949,83.19543324325943,1.6,0
721.5212737660241,97.74004145475239,1.6,0
558.1387078114429,118.63890223000858,2.7,1
464.74323839688793,79.71422627967928,4.9,1
589.7933951805225,78.67233182224494,1.6,0
356.4088456908695,45.75049396097588,1.6,0
617.3050332645607,102.11723888028355,6.0,1
579.9347697324972,56.95532420703605,4.9,0
575.3888309901238,62.49926280368571,6.0,1
629.1380990386693,58.99597870821858,6.0,1
813.1421462030344,32.070805144737484,3.8000000000000003,0
779.3177809531098,74.76567234578589,4.9,1
672.8035834939445,27.31089986771725,6.0,0
736.5446200044098,71.50662821586126,4.9,1
547.7229864862679,69.67347229930904,2.7,1
683.1038374392759,102.66160812535632,6.0,1
607.3997791444518,106.82186353693407,1.6,1
600.9012204435705,84.1356433455139,1.6,0
494.6862930998742,62.13032790054001,3.8000000000000003,0
530.4495219164605,55.84520503598727,6.0,0
669.1332851156496,86.62130660841494,4.9,1
603.7506702763559,47.669092104255036,2.7,1
534.6410893811018,102.06979882374608,1.6,0
559.0263740001994,65.90376699921157,1.6,0
681.8874438070098,80.94177875288835,2.7,0
652.3773430911241,58.81365980059314,1.6,0
486.5415308275084,89.6055082336995,3.8000000000000003,0
658.5281193618003,56.56796582573286,0.5,0
419.55128070639233,104.39552017478937,4.9,0
430.04464116222584,84.9613927998683,0.5,0
712.453066008498,61.94951171482066,2.7,0
617.5956334822944,68.9099983596932,2.7,0
740.9005429900292,83.81045414167583,3.8000000000000003,0
583.3564834460745,73.22539650887147,2.7,1
710.9402493614064,86.86938678864286,2.7,0
502.8693792949444,65.88623390869458,3.8000000000000003,1
484.1172486663557,81.8846671957313,4.9,1
642.6186431746132,96.64637566257296,1.6,1
776.8576292575135,48.98597988630477,3.8000000000000003,0
706.1776403586744,85.99876137855061,2.7,0
659.8779055239919,79.36919229910755,3.8000000000000003,1
370.48525283074457,70.2468806524235,3.8000000000000003,0
671.8289852966439,107.04427872343507,2.7,1
731.3791471527255,74.53232304613036,4.9,1
735.3592095216588,100.93948974004961,1.6,0
609.1668234840133,50.39309345592798,4.9,0
603.8045700438611,31.15062476484474,6.0,1
501.6606456074271,49.03766516512415,2.7,0
557.9586953840569,67.60850605597433,2.7,0
717.0624073194627,50.708297451100194,1.6,1
655.7915630155178,78.87015950377598,0.5,0
520.6981810706789,60.624082775644446,2.7,1
536.5054875271387,82.95027485590228,8.200000000000001,1
642.0815473803387,119.60516082508613,3.8000000000000003,1
683.6768984551254,62.94350040437246,3.8000000000000003,0
739.1805787081141,122.40629302909936,1.6,1
616.3227244409807,68.07330183896947,6.0,0
491.72616252354476,108.96550855207445,4.9,1
723.4838439908624,85.8946484047537,1.6,1
515.117084464378,90.76664399430152,2.7,0
910.6948144783213,80.87608419849276,3.8000000000000003,1
594.8990616404205,108.41485540448015,2.7,1
509.63229143212635,43.373384916347106,3.8000000000000003,0
639.9619882404813,98.43294003501923,4.9,1
587.5389917022328,67.51851551827976,2.7,0
641.7212703383117,52.74525807675432,8.200000000000001,1
534.6674383173427,98.97988476613801,4.9,1
743.6439965030265,102.74100962089913,4.9,1
656.1554644627874,32.32744882153783,2.7,1
415.2269516060211,87.44022461994739,6.0,0
609.1471220658686,87.07474994147985,3.8000000000000003,1
607.5358797925383,98.83760540961394,2.7,1
602.4519460822949,89.38408838520107,9.3,1
853.1090547893939,64.62178584675749,2.7,1
656.4688090504183,57.76119361808909,2.7,0
543.8417562891351,95.255464474028,4.9,1
792.8993642681637,50.80749975964001,4.9,1
686.5074883999879,59.60930817674102,2.7,1
649.8135679752836,87.9004755644285,0.5,1
597.5534202043764,71.7534378897138,6.0,1
508.9179972617675,94.7591840638081,3.8000000000000003,1
774.7635325992253,51.738937334880106,3.8000000000000003,1
473.2627472222241,40.41945562107401,4.9,0
609.5958026162731,92.48585079033242,3.8000000000000003,1
494.01905675157906,104.60025880076496,3.8000000000000003,1
596.1600026164793,66.0943081478366,4.9,1
608.8746835235537,94.64237671630606,1.6,0
534.5746619976127,86.53829669004884,2.7,0
755.5585238055198,87.09866620467395,3.8000000000000003,0
598.9461528512085,83.1703348607488,1.6,1
487.3334529234118,48.820841340687856,4.9,1
560.6065983206133,63.731875908603,4.9,0
697.7876375654837,68.27619936230785,1.6,0
727.278530511602,60.43027609320365,2.7,1
569.2521040303031,68.41353441245923,1.6,0
581.7647064655062,58.72188853712547,7.1000000000000005,1
555.063949474023,62.44380360059466,4.9,0
648.4065830583154,36.023345100567894,6.0,1
660.8250831795262,41.65136862248822,9.3,1
756.1982228413749,115.0093135630099,6.0,1
764.7173245650051,88.74991064823743,3.8000000000000003,1
663.5596281835183,62.170253738259014,1.6,0
499.32825151427545,65.89788117738462,3.8000000000000003,0
822.9311049079522,57.58853488708308,2.7,1
698.0037688735187,58.09554761590684,2.7,1
795.8363249753331,71.32349459427276,2.7,1
769.9382899678875,64.66913721582745,2.7,1
575.2192204923301,73.8184003647247,3.8000000000000003,0
610.7234416016227,69.1418622462181,2.7,0
720.5207723526848,85.74772325532655,1.6,1
782.6098957130804,77.57659430711875,2.7,1
620.8993702027951,75.24382100025868,3.8000000000000003,1
665.3286119400967,65.92883995604069,6.0,1
827.7953503251794,69.33388089603213,3.8000000000000003,1
631.97705724914,39.76418804192642,4.9,1
594.4583651417278,70.64584532232169,2.7,1
640.9020185035837,69.2451576652334,2.7,1
714.4970681250875,56.3043581718241,3.8000000000000003,0
717.795314957782,69.72673789198166,4.9,1
726.9832051173853,44.71017377814094,4.9,1
601.0908915010149,88.86114309635516,3.8000000000000003,1
614.1095594412669,52.691048577428695,1.6,1
642.527200592659,37.18081544164849,2.7,1
607.4437321213591,66.23445841009719,0.5,0
497.30307824844516,86.02321079517162,7.1000000000000005,1
615.8140852692169,74.96499847498099,7.1000000000000005,1
648.8220759825464,72.37583510962253,0.5,0
546.458350953179,59.877429624687295,3.8000000000000003,1
515.8408813655394,54.265858575063234,3.8000000000000003,1
653.4533717271025,82.95666511760484,1.6,1
573.8152970808078,43.84425133028613,3.8000000000000003,1
617.2467129889579,58.030740128793674,3.8000000000000003,0
593.5729974748872,61.3455812868856,1.6,1
562.7968220759052,95.18421354105524,1.6,0
545.6553792050926,68.19667853306137,4.9,1
677.0811673024047,82.32758242718417,1.6,0
837.6972894955047,77.91582168799158,1.6,1
558.880960541449,49.500648434572526,3.8000000000000003,1
579.249817240554,94.91701289661486,1.6,1
552.6469149629411,91.53872523354312,3.8000000000000003,1
571.2840939816161,53.772564966762545,6.0,1
742.2586783183331,70.62802179186927,0.5,1
473.7750579776398,41.11224492553377,1.6,0
712.4996856074196,75.0160700347311,9.3,1
760.284075545304,65.89449309497635,4.9,1
618.7899441358874,104.47713088783249,2.7,1
622.6255279587779,96.91880297978396,3.8000000000000003,1
624.180272264171,72.10828107281377,2.7,0
711.0960481515513,39.07570593232243,3.8000000000000003,0
527.1168694296265,63.29385878665165,2.7,1
583.0064622875732,83.93669746478238,1.6,0
592.021264874759,46.10490458398991,2.7,0
823.9371464378361,52.50484529005407,3.8000000000000003,1
693.0263301527114,50.81369429236351,2.7,0
595.687612384064,30.732537712854775,3.8000000000000003,1
755.6880991881862,72.77524583386005,2.7,1
526.9468146894105,76.57105017047849,4.9,1
587.2683492991259,136.19256656795264,6.0,1
518.5708974267252,108.34758663071149,7.1000000000000005,0
659.8045613470883,85.24893511817845,3.8000000000000003,1
421.33521295571444,54.36036493526332,4.9,1
632.9400015247655,77.45992967709773,2.7,1
567.0177003609633,82.49260691712036,2.7,0
741.7653712274054,67.33633462499373,6.0,1
545.3769128966455,44.680444514424345,1.6,0
642.0554008535591,109.01524479152305,0.5,1
625.283665443417,125.04730823621671,7.1000000000000005,1
727.5384381906422,39.632233181895344,4.9,1
666.8757244122913,57.25130489903903,7.1000000000000005,1
609.1003964073471,59.617625135436676,2.7,1
529.3916548435068,67.3276385641901,1.6,0
513.5812744317001,106.51434549298438,4.9,1
463.18924685744116,74.39788847919013,3.8000000000000003,1
739.8552297697553,59.18097100213274,8.200000000000001,0
716.1107692335183,94.88273405817861,3.8000000000000003,1
633.2848871588494,102.44448838776563,6.0,1
788.2284419487096,44.82707015201385,4.9,1
659.3348670251708,77.83490398155156,2.7,0
598.2338269982057,55.715897011344666,2.7,1
657.0904241315362,82.74356521046647,3.8000000000000003,1
520.9532908955115,88.99670432495368,3.8000000000000003,1
649.4397420904673,71.75940084021632,3.8000000000000003,0
757.9615593042183,61.65144116236046,3.8000000000000003,0
781.8237232642664,89.70798038565997,3.8000000000000003,1
595.1251509568298,95.2980530345681,4.9,1
675.5780314940457,60.97805844980678,3.8000000000000003,0
574.1103742605205,57.25795958826839,6.0,0
530.7417909337817,79.62536063108915,1.6,1
724.0497736325655,45.684402483714535,3.8000000000000003,1
601.2620861479353,47.25511196252748,4.9,0
573.5757458603733,67.16995408021441,0.5,1
538.256437191267,104.10192593925119,3.8000000000000003,1
698.9702243423238,50.89271667403883,2.7,1
581.5130619475009,81.6976517184869,1.6,1
566.7067065528817,71.27335030044286,2.7,0
588.1919622834529,62.673790028779706,3.8000000000000003,0
788.5367538262076,75.94504870871161,1.6,1
564.6365847638945,67.46296108017043,2.7,0
555.0072523787046,97.45587567721795,3.8000000000000003,1
856.09938526114,64.91073029839617,3.8000000000000003,0
647.0846028911766,93.94329387424183,3.8000000000000003,1
601.0732847202632,79.5401422876254,2.7,1
696.3050941335396,58.65787530701381,4.9,1
598.8231092625739,74.5653839344435,4.9,1
693.1395936416471,78.68753739156601,2.7,1
528.3588307525847,65.68874929525307,4.9,0
628.054556258557,77.48731978972049,1.6,1
524.1815379653748,76.97638489028735,4.9,1
692.4428617816584,67.48369293252031,6.0,0
503.444583206659,73.8698039190056,1.6,0
564.5578288920015,32.31180384307652,3.8000000000000003,0
569.6987382264864,76.99963052136192,4.9,1
685.2028827495053,67.96797370617941,3.8000000000000003,0
630.2602882607459,97.5519549351829,4.9,1
540.1191379386,56.447862536091925,3.8000000000000003,1
440.0611636276541,45.19459449805232,1.6,0
814.8850275059699,80.53531750284084,2.7,1
780.8630585288685,56.31228190560173,6.0,1
711.866441303676,61.42248124256842,6.0,1
710.5252055583308,47.184671708215156,4.9,0
628.0823103080803,46.25750545011435,2.7,1
571.1670759924178,90.26371406867531,2.7,1
603.2078030082159,95.44412282908813,4.9,1
442.1143106545937,68.40665929619567,2.7,0
656.9624390729232,55.85628421757133,2.7,1
727.2157558900475,48.46930496894533,7.1000000000000005,1
591.9463860880935,46.68674935633748,3.8000000000000003,0
464.5824999016984,63.86523670091981,3.8000000000000003,0
599.3055220129432,67.53932365974013,4.9,1
707.072858175344,71.0058233061184,8.200000000000001,0
688.1104616898918,79.06798827613008,4.9,1
637.9817445229837,100.70369381063787,6.0,1
659.5514384184248,71.44052670324777,3.8000000000000003,1
680.175293995156,43.76657176168555,7.1000000000000005,1
681.7314011814195,60.48500108008638,7.1000000000000005,0
752.2563160384619,90.55729222319744,3.8000000000000003,1
548.0901357896962,92.31716870140102,2.7,1
594.9012090126175,70.49843668697973,1.6,0
702.6712187023569,65.8883992149864,4.9,1
668.7176003050254,69.42790881888985,2.7,1
459.06829289171117,78.28344698620113,3.8000000000000003,0
531.9590728968303,78.47281999264236,3.8000000000000003,0
703.9386851678644,101.42434088154991,0.5,1
659.7530085733483,91.71731855549561,3.8000000000000003,1
470.3907815051332,68.18742668549413,1.6,0
639.9109702067365,68.8219858493638,6.0,1
689.3466454600203,92.6708717639192,3.8000000000000003,1
412.9295836145071,75.40704835054034,2.7,1
574.8860268246384,72.84372110588005,4.9,0
548.669663497034,103.47470799208521,3.8000000000000003,1
474.5065009035041,46.61619507249371,0.5,0
581.3500843136159,85.1525431585102,1.6,1
518.8648874471078,80.92799697695138,1.6,1
468.88928467580456,51.16564153542176,4.9,0
498.9714165625147,57.757031895112256,6.0,1
787.2809587313873,83.18101945695695,3.8000000000000003,1
777.7095452901297,71.2785773851021,3.8000000000000003,1
636.5941646896706,52.07256578457387,6.0,0
746.9222781218494,64.4305455723329,2.7,1
620.0862618820789,56.781327327137575,3.8000000000000003,1
536.412978295284,27.80202979915276,6.0,0
652.0588228098611,80.24050677771588,6.0,1
474.65876935469123,69.94422195084043,0.5,0
704.6876213461029,51.98277389817658,6.0,1
604.212547985852,57.6282351939227,8.200000000000001,1
632.3823142427797,103.24300853207698,2.7,1
566.5213716567579,36.43754391016881,6.0,1
497.56268144797406,75.28193013126646,1.6,1
516.6960041907562,70.66966634481106,1.6,0
637.0532384995132,79.20928665542971,4.9,0
610.5698757559405,87.88315940438001,2.7,1
615.812699448447,74.8044716502478,3.8000000000000003,0
510.19317551291834,93.33502788369127,2.7,0
639.2984349517709,54.100902019417006,6.0,1
660.588826354602,80.2451271098938,3.8000000000000003,1
582.9012503996369,68.6169463474172,7.1000000000000005,1
533.3470603144574,81.22455770915646,0.5,0
589.0117592348357,40.31937620452422,2.7,0
711.1723807367249,72.26522169560423,1.6,0
651.3569269973708,38.59398147981028,3.8000000000000003,0
492.51475440847287,74.46031783528615,1.6,0
778.79486215557,78.62785100913113,4.9,0
802.6668817707373,86.34405052012472,10.4,1
556.8899389988835,83.61425731287603,0.5,0
626.6408771916147,59.872816889583895,6.0,1
589.45757686298,80.66376359596825,7.1000000000000005,0
695.7955546052375,64.40157531798016,2.7,0
603.7337257145765,99.10422049227614,2.7,0
670.2053304790292,73.96646450188676,2.7,0
716.8172267099537,74.21243442719518,3.8000000000000003,0
620.4780534405525,27.547053063779714,2.7,0
612.5048631344184,33.85556099046479,6.0,0
555.3919521694902,50.22653021503125,6.0,1
687.1833969243332,108.198732658379,1.6,1
620.9538400577295,47.218719321510264,4.9,1
654.3340270535479,58.592267051951296,1.6,0
626.8062599475911,72.35315681761072,0.5,0
634.1667730606289,84.22403004635903,2.7,1
499.5353036347248,83.93642426087072,3.8000000000000003,1
764.6379771961629,70.37785708418618,6.0,1
623.8442369748863,99.80506969982092,0.5,1
600.4574080641355,70.69919200529289,2.7,0
714.7637058914979,72.04956020475043,3.8000000000000003,1
640.2489902451964,66.96075332338076,1.6,0
633.0715202293267,59.678860833294166,3.8000000000000003,1
689.2103653579211,112.53261414247368,0.5,1
653.1662066882136,68.37247012661115,3.8000000000000003,0
495.58769979219886,71.58286346321833,3.8000000000000003,0
528.7617644182926,74.80439488649338,0.5,0
501.2868077448993,54.91088652266323,0.5,0
686.7708949206334,78.77337214327612,3.8000000000000003,0
608.2362467773705,58.39823431518929,6.0,1
579.5564149183974,68.8225683802491,4.9,1
598.4558262017213,92.80684886848988,7.1000000000000005,0
534.0322828847263,97.03510437606221,1.6,0
606.566277541926,41.16501919569809,8.200000000000001,1
627.8396173190424,62.779477263492076,3.8000000000000003,1
625.2340573121508,76.83083427004097,8.200000000000001,1
564.4102885442768,60.4223689033464,2.7,0
777.8394386139686,57.42883351144074,2.7,1
671.3588743701049,62.01148779795581,2.7,1
423.4536333317533,110.51616131873259,3.8000000000000003,1
676.3063505486064,80.23502258636282,2.7,0
486.6674663552626,81.00548217168544,4.9,1
677.0001461006905,78.98703592725597,1.6,1
773.5976968747092,110.91892637117705,3.8000000000000003,1
508.93440521487577,92.9585308011854,6.0,0
579.7351999893914,76.39167708149071,6.0,1
610.2211318346313,94.9458401731732,3.8000000000000003,1
642.4748650181591,77.12348555338431,4.9,1
543.3344892702488,78.82118787605674,2.7,0
664.501296481499,79.2403300463176,6.0,1
484.93303695416313,69.81500891675853,7.1000000000000005,0
499.10300317810197,52.41702993812728,2.7,0
453.0759711355945,76.36001747116632,1.6,0
536.5129914089109,47.129176877348876,1.6,0
587.7561668010858,77.67193059951285,2.7,0
432.6741123060235,52.16393304753664,0.5,0
729.2625164977342,76.32811177156381,6.0,1
703.087444763504,108.70783113123836,2.7,0
496.2964923630995,76.7223845470677,2.7,0
646.4271861966696,68.44999162100551,2.7,0
671.0859380175676,99.64616264706632,8.200000000000001,1
750.4600816576342,68.28732701421329,2.7,1
662.2692268165417,74.3125565863872,2.7,0
572.5198387053566,47.63294957208765,1.6,0
612.3205367224124,75.08466701151502,2.7,0
735.1241098261578,46.78624699400868,4.9,1
567.0817792131655,106.61530691546749,6.0,1
597.871077591104,127.65022022575621,2.7,1
607.9101124654297,57.19925167644164,4.9,0
617.7845100998697,90.31954379265797,4.9,1
630.127667401031,44.878750574929064,3.8000000000000003,1
666.6889833639701,76.46708558769055,4.9,0
625.0931066796986,66.13185329526037,4.9,0
580.1643180152654,51.573371404232674,4.9,0
836.9210393226572,108.01351857421909,2.7,1
540.6025144975193,42.421341852938276,1.6,1
528.5630487382892,120.46880483269386,6.0,1
523.836443197072,69.67912226610439,0.5,0
598.3191839971557,83.12479079739367,4.9,1
723.9499802594386,84.8984592498861,3.8000000000000003,0
481.020532827369,90.59292712959848,6.0,0
633.9411914768787,48.510002437335885,6.0,1
507.6464692639393,63.28784922093363,1.6,0
502.58224000653223,55.96700212441794,1.6,1
647.3995590588556,50.15205947347129,1.6,1
614.5956030900056,64.65374181500312,6.0,1
584.7400550322496,39.095125085040266,4.9,0
639.4298384190954,85.05116888901367,2.7,0
562.5754744962707,70.54860585758719,3.8000000000000003,0
602.7579544007016,59.91918579296494,2.7,0
429.85325401074164,36.61856873306883,3.8000000000000003,0
665.464501823241,25.57697393761551,4.9,0
610.3324474463872,79.88384667640973,4.9,0
653.0566336532196,52.74901297956986,4.9,1
546.8683524719299,97.12693151504678,1.6,0
576.8558097545479,46.565471224918696,6.0,0
483.3359692600959,64.17182855315104,6.0,0
762.2064959637041,74.61163188046423,7.1000000000000005,1
436.391392433726,75.01049809366505,6.0,1
413.7011737633057,81.09361073664692,1.6,0
600.0274992276668,50.300379847560116,1.6,1
731.0180311595851,67.90039622636847,2.7,1
557.5495097152921,53.716437870133255,4.9,0
542.3322727022653,47.494286659702986,2.7,0
656.6724380644488,63.342593779134305,7.1000000000000005,1
731.8050600614953,79.48350655531537,0.5,0
507.50381989121354,99.65373688736622,1.6,1
472.6116220926075,42.61723296555581,2.7,0
420.94482339108265,146.83292148050873,3.8000000000000003,1
661.9766876520747,27.144034185518,3.8000000000000003,1
676.5238092539456,75.18101819256353,2.7,0
496.191812013669,59.48575035996954,4.9,1
674.8202826281706,66.80964423986289,2.7,1
450.7494163238001,47.444485865696635,1.6,0
415.8625357490146,92.06092265634244,2.7,0
558.171523352126,68.08315684876409,3.8000000000000003,0
688.4620717827274,53.74770789472645,1.6,1
609.8815883876264,32.35111014447672,1.6,0
674.8219275939925,89.04345393210882,3.8000000000000003,1
590.0114150573633,67.80447448528729,4.9,1
675.9047121077886,57.61134352782521,3.8000000000000003,1
512.0791123099445,83.28510256718154,4.9,0
615.5389971050512,113.55459977444295,4.9,1
582.520511300556,81.23651667701465,4.9,1
573.5853173171824,38.12941042362029,2.7,0
685.8276259437907,86.09785794656064,7.1000000000000005,1
684.8546989418167,81.64507525000614,4.9,1
587.1849739203433,12.50449748764632,4.9,0
321.12024417910277,105.34065459381115,1.6,1
629.9340918800089,99.47347000186122,4.9,0
341.18907092085806,47.51497220786318,4.9,0
814.7479792048144,75.98272901439705,2.7,1
579.1564811369705,58.424411446630934,6.0,1
554.926089013006,92.66831163363139,3.8000000000000003,1
424.4234891745349,83.21696593470435,8.200000000000001,0
542.7863585824973,66.35266789538439,2.7,0
612.321801088509,69.9374697009574,4.9,0
556.6538750263633,52.25565694536597,2.7,0
505.0574449419006,57.92398775452901,2.7,0
436.3268105643464,90.01148367260932,2.7,1
312.6766981249018,55.54884381079353,2.7,0
462.0600598531672,75.42470843725822,7.1000000000000005,0
517.8226302008896,98.70630592701085,4.9,1
527.3027911783549,27.359620716793483,3.8000000000000003,1
667.7646426175518,86.17755347780829,2.7,1
521.9439733661604,67.00977943060937,2.7,0
538.3586233208875,61.153016853580695,7.1000000000000005,0
424.77342739695143,36.09695107804979,6.0,1
555.5355256187828,85.1289567161858,4.9,0
668.2985371326341,64.11614190825715,4.9,1
620.601830942676,71.5710606732055,7.1000000000000005,1
629.2586535865305,81.019789050579,3.8000000000000003,1
628.0798191195463,60.108523308884614,1.6,1
534.7264549950465,77.66885599414339,1.6,0
640.4967984977413,93.97190943088899,0.5,0
634.9776920849682,95.3033727726459,2.7,1
635.4623476111161,60.11948713226115,4.9,0
597.5016900683684,96.41075930081298,6.0,0
575.1976876568691,39.98844384663773,2.7,1
705.5350730205998,86.20631770437208,2.7,1
566.6946725504409,93.728575668829,6.0,1
691.3206009549821,95.23291271168945,2.7,1
684.0145313788541,51.67643787232832,4.9,1
561.1708342080067,60.11673548893102,3.8000000000000003,1
506.8300004042184,58.75624891618422,1.6,0
741.186996494913,74.1762490119344,1.6,0
507.0018981993212,73.69778479475856,4.9,0
741.2730236228876,31.880738277480393,2.7,0
437.31799454306025,65.67438866929695,2.7,1
560.2355814649038,28.095031961429086,2.7,1
684.1625949573508,71.41769683279072,2.7,0
706.6035779768832,42.00808628972603,2.7,1
710.1985635679762,43.73847325017366,3.8000000000000003,1
685.1468639539794,51.79134664866102,3.8000000000000003,0
630.2967903737971,94.74284079491132,2.7,0
863.7990035563828,82.694460857896,2.7,1
591.6978328624122,61.370363349586,1.6,1
489.2378026154329,99.96020464711955,4.9,1
720.1914365682475,52.260447798613974,3.8000000000000003,0
548.2999597843634,97.01200072687318,3.8000000000000003,1
677.2392230009609,77.04388836108319,4.9,1
691.4700016174719,62.23713645655623,4.9,1
499.36792434750134,71.77590229206413,4.9,0
484.0448930682635,59.253706542797495,1.6,0
629.9383319704871,60.19331111175673,6.0,1
617.1223451332182,66.24883140773588,2.7,0
540.3618520898154,81.1024579048385,2.7,0
590.6178439980597,47.308781700317304,4.9,1
636.5087210486325,60.230195528867746,1.6,1
500.3514711683089,117.51802636648178,1.6,0
684.3792673729865,100.94785799616598,6.0,1
664.1955666359075,62.16636754937446,2.7,0
788.3344714553101,79.07730294465082,3.8000000000000003,1
592.8220615540073,52.87843591361446,3.8000000000000003,0
510.2278436097072,79.33144703732857,4.9,1
552.9129443934621,118.34986308772392,2.7,1
562.7891356145246,103.27437727657598,4.9,1
673.5379025326001,101.98614853200381,3.8000000000000003,1
436.4850080240871,86.3534255422647,4.9,1
622.4209485642202,49.10532038704133,2.7,1
651.4605566901441,36.63681742477674,3.8000000000000003,0
310.2378943565599,76.28724880713327,3.8000000000000003,0
581.5744915605744,68.99942374710983,6.0,0
629.4551284244562,84.24512318349532,1.6,1
440.38437672008274,60.99192632256152,3.8000000000000003,1
540.3335106771233,81.04710136558307,2.7,1
688.500365575511,82.17715629210953,1.6,1
707.5428519635025,43.43687465595325,7.1000000000000005,1
666.2997588610249,73.30094919936948,4.9,0
456.63490375597394,84.65455644434485,2.7,0
715.932105632273,85.50685261847573,6.0,1
438.0042684321925,79.77392267510172,2.7,1
746.3842892231764,54.41084740228977,6.0,1
598.6698721551184,52.77408115197139,4.9,1
499.23594737315346,85.09748543732222,2.7,1
603.426988076042,103.46671569396806,6.0,1
603.6661539550981,87.17525910768198,6.0,1
646.4115659926521,80.68423493903262,4.9,1
534.96321028304,89.63242711990398,3.8000000000000003,0
583.2169684454683,63.32445028273487,2.7,0
544.2725077780182,88.50111819742912,2.7,1
644.5454011660737,76.80037396643039,6.0,1
681.5584013559435,78.70545794643432,1.6,0
751.2593058173924,78.74651999133818,1.6,1
481.1429005872396,90.22532557594047,1.6,1
543.0272871653618,57.84262771462848,6.0,1
496.45284073383567,75.76881189895424,3.8000000000000003,0
458.38300791107713,72.09642957789845,3.8000000000000003,0
553.3132164028116,49.05772467172807,3.8000000000000003,1
386.27320414779257,84.78687532165198,3.8000000000000003,0
652.0148458408196,70.10119135381163,6.0,1
534.756454696268,58.06123400232219,3.8000000000000003,0
600.9927416739552,79.14722361540484,4.9,1
765.4725944865843,95.44775648972706,6.0,1
554.3561587140038,102.16696210138075,3.8000000000000003,1
551.2347902450139,80.87093841584085,4.9,1
568.6955694888727,110.2722350684732,4.9,0
791.8732322761743,100.69891664275171,1.6,1
781.4727260225548,124.08106510104781,2.7,1
610.5362296180144,91.66892398750049,6.0,1
571.5774477929984,91.07015948405135,1.6,1
645.6441212143044,84.61028984801702,7.1000000000000005,0
490.8972558592942,81.05917526435776,6.0,1
467.30424259378003,111.19249325073615,4.9,0
537.3088910326098,83.01086055377526,2.7,0
370.2617399092339,72.77678413232498,2.7,0
596.516816659442,65.67705268340652,2.7,0
608.9182150173091,56.764351504673925,3.8000000000000003,1
652.3601197164122,82.64504639071846,1.6,1
509.71065524421135,83.04221256522699,7.1000000000000005,0
589.1521433328147,93.44142066750365,4.9,1
625.1138022757791,82.1520926468646,8.200000000000001,1
589.1518551075915,99.89847179357862,7.1000000000000005,1
599.7048881785905,44.94962260394049,0.5,0
506.62356690854295,55.35693448653642,2.7,0
